[
    {
        "name": "mashape/unirest-php",
        "version": "v3.0.4",
        "version_normalized": "3.0.4.0",
        "source": {
            "type": "git",
            "url": "https://github.com/Mashape/unirest-php.git",
            "reference": "842c0f242dfaaf85f16b72e217bf7f7c19ab12cb"
        },
        "dist": {
            "type": "zip",
            "url": "https://api.github.com/repos/Mashape/unirest-php/zipball/842c0f242dfaaf85f16b72e217bf7f7c19ab12cb",
            "reference": "842c0f242dfaaf85f16b72e217bf7f7c19ab12cb",
            "shasum": ""
        },
        "require": {
            "ext-curl": "*",
            "php": ">=5.4.0"
        },
        "require-dev": {
            "codeclimate/php-test-reporter": "0.1.*",
            "phpunit/phpunit": "~4.4"
        },
        "suggest": {
            "ext-json": "Allows using JSON Bodies for sending and parsing requests"
        },
        "time": "2016-08-11T17:49:21+00:00",
        "type": "library",
        "installation-source": "dist",
        "autoload": {
            "psr-0": {
                "Unirest\\": "src/"
            }
        },
        "notification-url": "https://packagist.org/downloads/",
        "license": [
            "MIT"
        ],
        "description": "Unirest PHP",
        "homepage": "https://github.com/Mashape/unirest-php",
        "keywords": [
            "client",
            "curl",
            "http",
            "https",
            "rest"
        ]
    }
]
